Day,Date,Ball1,Ball2,Ball3,Ball4,Ball5,Ball6,S1,S2
SAT,16/06/2018,26,8,22,45,2,12,1,38
WED,13/06/2018,39,32,31,13,27,28,10,4
MON,11/06/2018,3,4,22,23,33,44,24,38
SAT,9/06/2018,7,10,22,25,26,36,30,43
WED,6/06/2018,8,19,21,35,36,37,2,15
MON,4/06/2018,3,4,17,31,37,40,6,22
SAT,2/06/2018,7,14,17,19,24,37,2,23
WED,30/05/2018,12,14,20,22,36,41,5,43
MON,28/05/2018,10,19,28,32,40,44,7,13
SAT,26/05/2018,10,21,25,29,38,40,7,22
WED,23/05/2018,9,13,23,28,29,39,26,40
MON,21/05/2018,8,10,11,21,34,39,15,23
SAT,19/05/2018,6,9,21,33,39,42,19,40
WED,16/05/2018,6,11,16,25,32,41,17,21
MON,14/05/2018,12,17,20,25,28,45,29,39
SAT,12/05/2018,6,12,14,17,31,38,32,34
WED,9/05/2018,2,3,16,18,33,42,14,26
MON,7/05/2018,8,14,17,33,38,39,5,44
SAT,5/05/2018,10,22,28,34,42,45,3,11
WED,2/05/2018,4,14,15,16,29,30,20,35
MON,30/04/2018,5,8,17,21,23,24,9,44
SAT,28/04/2018,13,29,33,35,38,43,15,41
WED,25/04/2018,4,7,23,28,36,41,24,29
MON,23/04/2018,4,7,13,14,25,31,6,19
SAT,21/04/2018,11,12,17,31,42,44,3,19
WED,18/04/2018,3,4,11,36,41,45,7,43
MON,16/04/2018,10,11,15,35,37,40,19,20
SAT,14/04/2018,7,9,10,17,18,38,20,35
WED,11/04/2018,5,24,27,33,37,41,1,39
MON,9/04/2018,2,11,13,26,28,41,14,33
SAT,7/04/2018,6,7,8,17,23,35,29,30
WED,4/04/2018,12,19,23,29,37,38,27,34
MON,2/04/2018,1,4,17,24,40,42,38,44
SAT,31/03/2018,8,15,23,27,43,44,11,35
WED,28/03/2018,4,18,24,29,31,34,3,16
MON,26/03/2018,13,24,30,36,40,41,3,39
SAT,24/03/2018,10,19,23,30,33,39,17,34
WED,21/03/2018,5,23,32,34,41,44,37,39
MON,19/03/2018,19,20,26,34,39,42,29,43
SAT,17/03/2018,26,32,33,35,38,41,27,45
WED,14/03/2018,4,9,17,31,34,36,5,15
MON,12/03/2018,13,14,27,34,36,45,32,41
SAT,10/03/2018,2,4,22,31,34,44,25,27
WED,7/03/2018,1,2,9,19,43,45,6,27
MON,5/03/2018,6,9,11,13,18,24,23,33
SAT,3/03/2018,2,21,29,35,36,45,40,44
WED,28/02/2018,2,28,31,32,37,38,34,39
MON,26/02/2018,4,5,6,7,31,32,36,44
SAT,24/02/2018,1,5,14,15,19,30,20,28
WED,21/02/2018,5,12,19,21,38,45,30,41
MON,19/02/2018,7,9,14,18,35,37,28,39
SAT,17/02/2018,3,8,13,30,31,35,17,25
WED,14/02/2018,10,27,37,39,43,45,18,21
MON,12/02/2018,3,4,8,10,37,39,17,43
SAT,10/02/2018,2,7,16,23,27,44,25,28
WED,7/02/2018,6,14,20,31,32,37,8,26
MON,5/02/2018,3,9,14,30,31,43,37,38
SAT,3/02/2018,11,12,13,23,24,27,22,31
WED,31/01/2018,14,16,29,35,37,38,24,40
MON,29/01/2018,3,18,25,34,41,44,5,27
SAT,27/01/2018,1,4,7,11,32,40,26,29
WED,24/01/2018,4,7,27,33,36,45,37,44
MON,22/01/2018,12,17,28,33,40,42,14,38
SAT,20/01/2018,2,5,9,14,31,34,7,13
WED,17/01/2018,6,21,27,28,32,42,22,45
MON,15/01/2018,10,14,28,40,43,45,26,37
SAT,13/01/2018,1,6,16,19,36,45,5,11
WED,10/01/2018,16,20,23,28,29,30,26,37
MON,8/01/2018,3,6,8,24,34,40,18,26
SAT,6/01/2018,3,12,31,32,35,44,13,14
WED,3/01/2018,2,20,28,29,32,41,1,12
MON,1/01/2018,2,24,29,31,34,37,3,16
SAT,30/12/2017,6,9,27,30,35,37,4,14
WED,27/12/2017,2,9,12,19,41,45,14,29
MON,25/12/2017,4,18,20,27,41,45,1,19
SAT,23/12/2017,8,11,13,21,23,34,24,42
WED,20/12/2017,12,14,19,27,39,40,30,44
MON,18/12/2017,1,20,32,43,44,45,11,22
SAT,16/12/2017,1,5,26,28,39,45,12,44
WED,13/12/2017,6,9,13,15,16,41,7,20
MON,11/12/2017,11,17,20,22,27,38,9,28
SAT,9/12/2017,14,17,28,30,34,36,44,45
WED,6/12/2017,8,13,14,34,36,43,30,37
MON,4/12/2017,9,13,17,24,32,43,3,14
SAT,2/12/2017,8,14,16,23,25,44,2,9
WED,29/11/2017,13,15,33,35,36,44,5,14
MON,27/11/2017,9,13,16,38,39,41,10,43
SAT,25/11/2017,4,6,18,31,36,44,1,10
WED,22/11/2017,10,11,20,24,27,36,9,41
MON,20/11/2017,8,14,27,29,36,38,18,45
SAT,18/11/2017,6,19,26,28,40,42,33,36
WED,15/11/2017,10,14,17,20,28,37,21,27
MON,13/11/2017,8,11,12,21,36,38,25,42
SAT,11/11/2017,18,19,27,30,38,43,16,21
WED,8/11/2017,3,6,11,23,34,38,5,30
MON,6/11/2017,3,7,10,13,17,22,4,40
SAT,4/11/2017,4,7,17,22,26,30,41,44
WED,1/11/2017,2,18,22,23,27,45,3,34
MON,30/10/2017,3,7,21,23,30,38,12,17
SAT,28/10/2017,1,13,17,38,40,44,22,31
WED,25/10/2017,10,14,22,24,28,43,32,35
MON,23/10/2017,15,16,20,21,31,41,26,44
SAT,21/10/2017,13,22,30,34,42,45,39,44
WED,18/10/2017,10,16,17,34,35,41,33,45
MON,16/10/2017,4,25,28,39,40,42,2,45
SAT,14/10/2017,6,13,18,25,34,39,9,42
WED,11/10/2017,12,17,23,26,34,35,3,33
MON,9/10/2017,4,8,20,29,34,40,2,25
SAT,7/10/2017,7,13,15,18,31,34,17,27
WED,4/10/2017,13,17,18,23,32,42,4,16
MON,2/10/2017,7,12,17,26,29,36,6,31
SAT,30/09/2017,1,19,20,22,32,34,3,33
WED,27/09/2017,5,26,28,33,34,37,25,40
MON,25/09/2017,8,10,18,33,39,45,1,31
SAT,23/09/2017,6,8,13,40,44,45,2,16
WED,20/09/2017,5,13,17,24,26,37,28,40
MON,18/09/2017,4,9,13,14,18,43,2,37
SAT,16/09/2017,5,10,20,29,41,45,7,26
WED,13/09/2017,3,9,20,21,41,45,12,28
MON,11/09/2017,2,6,7,11,13,26,29,35
SAT,9/09/2017,12,21,28,35,40,42,4,9
WED,6/09/2017,13,16,23,30,36,45,12,21
MON,4/09/2017,7,8,13,16,24,37,5,20
SAT,2/09/2017,16,17,21,22,23,44,2,30
WED,30/08/2017,21,23,25,34,35,42,27,32
MON,28/08/2017,11,31,33,38,42,44,13,28
SAT,26/08/2017,11,15,20,27,38,45,18,42
WED,23/08/2017,10,11,17,19,37,40,30,31
MON,21/08/2017,3,8,16,19,23,45,29,36
SAT,19/08/2017,3,9,23,30,39,45,7,17
WED,16/08/2017,5,10,21,34,35,43,12,36
MON,14/08/2017,8,9,10,20,34,35,19,31
SAT,12/08/2017,7,11,14,16,26,45,34,35
WED,9/08/2017,4,7,14,26,27,45,2,34
MON,7/08/2017,6,29,32,35,41,44,3,18
SAT,5/08/2017,1,7,11,20,21,32,22,26
WED,2/08/2017,8,9,17,25,28,45,13,31
MON,31/07/2017,4,8,12,27,28,35,15,26
SAT,29/07/2017,28,30,31,34,42,43,4,25
WED,26/07/2017,4,5,8,19,34,37,15,44
MON,24/07/2017,1,13,20,23,28,39,18,35
SAT,22/07/2017,11,22,27,32,42,44,7,39
WED,19/07/2017,1,8,32,33,40,43,35,45
MON,17/07/2017,4,7,10,21,40,42,13,43
SAT,15/07/2017,1,11,22,25,41,44,9,23
WED,12/07/2017,11,17,22,23,24,34,15,29
MON,10/07/2017,12,17,21,24,37,42,2,33
SAT,8/07/2017,11,18,22,24,26,33,19,28
WED,5/07/2017,3,11,18,24,32,36,7,14
MON,3/07/2017,8,9,10,23,34,42,11,43
SAT,1/07/2017,6,10,18,19,32,36,1,13
WED,28/06/2017,6,27,30,32,34,38,4,5
MON,26/06/2017,14,17,18,34,40,41,6,45
SAT,24/06/2017,1,5,13,29,32,43,38,40
WED,21/06/2017,16,28,30,35,38,40,10,11
MON,19/06/2017,20,21,22,27,35,42,2,3
SAT,17/06/2017,5,19,25,30,33,34,1,2
WED,14/06/2017,22,25,30,39,44,45,31,43
MON,12/06/2017,5,22,28,34,38,44,15,24
SAT,10/06/2017,12,14,20,22,24,44,6,32
WED,7/06/2017,2,6,11,17,27,29,3,23
MON,5/06/2017,2,13,16,22,31,38,19,34
SAT,3/06/2017,9,21,27,30,32,35,20,31
WED,31/05/2017,6,16,19,25,32,42,3,12
MON,29/05/2017,11,18,20,22,27,42,2,34
SAT,27/05/2017,15,17,18,24,42,45,35,36
WED,24/05/2017,2,11,19,32,36,42,10,21
MON,22/05/2017,6,17,20,33,38,44,16,24
SAT,20/05/2017,6,10,11,15,29,33,5,25
WED,17/05/2017,5,11,18,25,27,30,19,21
MON,15/05/2017,15,16,17,34,36,38,1,45
SAT,13/05/2017,1,16,21,30,35,40,2,7
WED,10/05/2017,4,14,17,29,38,39,9,24
MON,8/05/2017,4,5,23,25,33,42,20,24
SAT,6/05/2017,8,9,16,26,39,41,28,31
WED,3/05/2017,4,11,16,19,35,38,1,39
MON,1/05/2017,6,11,14,17,18,25,16,42
SAT,29/04/2017,3,10,23,29,34,37,1,24
WED,26/04/2017,3,5,10,19,21,40,9,32
MON,24/04/2017,9,22,26,28,31,34,13,15
SAT,22/04/2017,11,13,18,21,24,30,15,27
WED,19/04/2017,1,5,7,22,27,31,33,45
MON,17/04/2017,21,25,30,38,41,43,14,22
SAT,15/04/2017,3,15,26,32,40,44,16,41
WED,12/04/2017,5,8,9,10,22,44,24,33
MON,10/04/2017,6,10,15,29,35,37,32,36
SAT,8/04/2017,3,7,25,27,32,38,21,28
WED,5/04/2017,4,6,11,24,28,43,38,44
MON,3/04/2017,3,13,23,24,25,27,7,29
SAT,1/04/2017,16,20,24,32,34,37,4,45
WED,29/03/2017,12,20,27,32,37,38,41,43
MON,27/03/2017,3,6,18,20,31,36,9,23
SAT,25/03/2017,16,20,23,28,35,39,4,27
WED,22/03/2017,6,11,18,22,23,35,27,37
MON,20/03/2017,6,14,15,19,23,39,28,45
SAT,18/03/2017,1,10,15,23,36,43,2,34
WED,15/03/2017,3,5,33,34,38,39,17,45
MON,13/03/2017,6,13,14,19,33,38,20,31
SAT,11/03/2017,1,10,15,31,36,39,11,32
WED,8/03/2017,2,8,25,30,34,43,1,44
MON,6/03/2017,3,11,13,17,22,23,20,36
SAT,4/03/2017,9,12,15,18,28,34,1,44
WED,1/03/2017,5,9,13,38,41,42,15,28
MON,27/02/2017,14,19,25,26,42,43,22,36
SAT,25/02/2017,7,22,29,33,36,44,5,45
WED,22/02/2017,10,26,30,42,43,44,13,14
MON,20/02/2017,3,24,29,31,35,39,19,30
SAT,18/02/2017,21,25,28,30,33,37,3,36
WED,15/02/2017,3,6,26,30,39,43,35,36
MON,13/02/2017,13,14,15,16,23,41,22,25
SAT,11/02/2017,3,18,41,42,43,45,2,21
WED,8/02/2017,8,10,12,19,31,35,30,32
MON,6/02/2017,7,24,34,35,36,42,8,40
SAT,4/02/2017,4,16,22,34,36,38,3,26
WED,1/02/2017,6,17,21,25,29,31,1,3
MON,30/01/2017,14,25,34,37,41,42,4,5
SAT,28/01/2017,6,10,19,28,37,40,8,33
WED,25/01/2017,8,16,19,22,37,43,5,31
MON,23/01/2017,9,11,22,25,26,37,7,14
SAT,21/01/2017,14,17,30,37,41,43,5,38
WED,18/01/2017,12,24,29,32,36,39,16,38
MON,16/01/2017,5,16,20,21,29,43,9,31
SAT,14/01/2017,9,12,21,22,30,41,20,27
WED,11/01/2017,1,12,21,27,44,45,16,38
MON,9/01/2017,10,18,27,33,34,45,23,25
SAT,7/01/2017,7,19,20,22,40,41,5,35
WED,4/01/2017,7,15,19,26,28,34,12,22
MON,2/01/2017,2,7,21,31,32,33,9,27
SAT,31/12/2016,4,11,16,18,31,40,17,38
WED,28/12/2016,1,4,6,10,16,20,34,36
MON,26/12/2016,2,9,11,18,21,29,40,45
SAT,24/12/2016,4,5,9,24,34,39,15,29
WED,21/12/2016,3,14,17,27,32,33,25,44
MON,19/12/2016,4,6,10,11,33,38,23,28
SAT,17/12/2016,8,17,18,29,36,42,11,33
WED,14/12/2016,1,9,19,28,29,41,10,38
MON,12/12/2016,7,17,25,31,33,40,18,44
SAT,10/12/2016,5,20,25,33,34,36,27,42
WED,7/12/2016,5,10,16,29,34,42,2,32
MON,5/12/2016,3,21,25,29,41,45,24,37
SAT,3/12/2016,10,11,18,26,39,44,15,16
WED,30/11/2016,6,7,16,25,33,40,9,15
MON,28/11/2016,26,33,35,37,39,42,21,36
SAT,26/11/2016,18,19,27,29,38,45,32,35
WED,23/11/2016,6,15,30,32,37,40,13,18
MON,21/11/2016,4,7,12,33,44,45,10,27
SAT,19/11/2016,1,12,14,16,24,40,20,31
WED,16/11/2016,3,4,7,35,43,44,8,25
MON,14/11/2016,3,4,13,25,35,39,15,34
SAT,12/11/2016,1,3,12,18,22,38,34,40
WED,9/11/2016,3,4,7,19,22,38,15,20
MON,7/11/2016,7,21,23,26,32,37,8,43
SAT,5/11/2016,9,23,24,34,38,43,13,37
WED,2/11/2016,3,5,6,7,23,31,9,22
MON,31/10/2016,8,28,32,37,38,39,11,25
SAT,29/10/2016,15,20,23,33,39,42,22,36
WED,26/10/2016,7,10,16,20,24,42,25,35
MON,24/10/2016,3,8,13,19,23,43,16,28
SAT,22/10/2016,16,22,35,37,39,42,29,43
WED,19/10/2016,8,12,23,30,33,44,9,35
MON,17/10/2016,11,14,18,26,39,44,8,16
SAT,15/10/2016,2,8,21,22,31,40,28,30
WED,12/10/2016,10,21,22,23,32,34,7,36
MON,10/10/2016,2,14,24,33,36,43,10,40
SAT,8/10/2016,2,3,6,21,26,38,22,35
WED,5/10/2016,2,10,21,37,39,40,8,30
MON,3/10/2016,3,7,25,39,41,44,12,42
SAT,1/10/2016,6,14,22,26,35,37,10,31
WED,28/09/2016,4,5,30,39,40,45,1,43
MON,26/09/2016,1,5,16,18,24,38,15,32
SAT,24/09/2016,11,12,18,25,34,45,13,37
WED,21/09/2016,3,4,10,29,30,42,7,38
MON,19/09/2016,3,14,16,27,28,45,13,21
SAT,17/09/2016,3,8,9,12,18,27,4,39
WED,14/09/2016,4,18,20,24,35,36,15,34
MON,12/09/2016,5,8,12,21,26,44,14,33
SAT,10/09/2016,5,7,9,13,18,27,25,42
WED,7/09/2016,7,10,34,41,43,45,28,29
MON,5/09/2016,13,14,24,25,27,45,40,43
SAT,3/09/2016,7,23,28,32,36,40,39,41
WED,31/08/2016,10,17,25,32,43,44,13,28
MON,29/08/2016,21,22,24,25,31,43,32,45
SAT,27/08/2016,4,5,13,18,25,34,23,31
WED,24/08/2016,9,19,31,36,37,42,27,35
MON,22/08/2016,4,6,13,19,35,39,2,34
SAT,20/08/2016,8,16,23,34,42,45,3,44
WED,17/08/2016,23,27,37,38,41,42,34,40
MON,15/08/2016,3,15,22,24,28,45,12,23
SAT,13/08/2016,11,14,16,37,41,45,1,32
WED,10/08/2016,2,12,17,25,27,43,29,42
MON,8/08/2016,2,4,25,29,38,39,6,37
SAT,6/08/2016,6,12,15,19,23,31,8,22
WED,3/08/2016,12,15,23,29,34,42,3,31
MON,1/08/2016,5,15,24,26,42,45,4,17
SAT,30/07/2016,27,32,33,37,40,45,22,38
WED,27/07/2016,9,23,27,34,37,43,24,45
MON,25/07/2016,16,20,30,36,37,44,8,24
SAT,23/07/2016,4,7,10,15,22,32,6,38
WED,20/07/2016,12,16,23,27,29,41,1,38
MON,18/07/2016,3,7,30,39,40,43,31,42
SAT,16/07/2016,1,3,7,12,24,32,2,10
WED,13/07/2016,1,14,16,27,31,32,37,39
MON,11/07/2016,6,7,24,27,36,40,11,38
SAT,9/07/2016,13,17,21,25,33,38,11,18
WED,6/07/2016,2,8,15,29,41,45,24,37
MON,4/07/2016,1,6,9,12,15,20,25,38
SAT,2/07/2016,5,12,16,20,31,41,10,29
WED,29/06/2016,21,22,23,28,31,42,14,37
MON,27/06/2016,1,13,21,22,38,39,41,43
SAT,25/06/2016,4,7,10,17,28,31,12,23
WED,22/06/2016,4,5,10,20,24,26,17,21
MON,20/06/2016,14,24,29,35,39,45,16,30
SAT,18/06/2016,1,2,13,20,39,44,4,7
WED,15/06/2016,25,28,30,39,40,42,6,13
MON,13/06/2016,10,12,18,30,37,42,16,29
SAT,11/06/2016,4,10,25,32,39,45,22,26
WED,8/06/2016,20,22,33,39,42,43,27,28
MON,6/06/2016,3,4,14,16,38,39,23,45
SAT,4/06/2016,3,12,26,27,38,43,16,44
WED,1/06/2016,12,14,15,29,35,36,2,13
MON,30/05/2016,8,14,17,20,33,37,5,29
SAT,28/05/2016,1,21,34,35,37,42,11,26
WED,25/05/2016,18,22,31,34,36,41,10,26
MON,23/05/2016,6,17,20,25,26,28,13,39
SAT,21/05/2016,5,11,13,14,37,39,12,32
WED,18/05/2016,2,16,29,35,36,41,24,38
MON,16/05/2016,4,8,22,24,28,31,6,13
SAT,14/05/2016,4,10,13,21,33,34,14,30
WED,11/05/2016,1,8,11,13,22,31,25,41
MON,9/05/2016,9,12,26,29,30,40,7,8
SAT,7/05/2016,1,3,14,24,31,35,8,17
WED,4/05/2016,8,29,31,37,41,44,9,43
MON,2/05/2016,11,14,24,25,40,41,32,38
SAT,30/04/2016,2,20,22,24,27,30,10,26
WED,27/04/2016,17,19,33,36,38,40,5,45
MON,25/04/2016,8,20,28,29,35,43,1,39
SAT,23/04/2016,3,10,27,32,34,36,20,26
WED,20/04/2016,7,13,21,31,39,45,14,30
MON,18/04/2016,1,10,21,22,26,32,35,42
SAT,16/04/2016,1,3,11,29,36,42,26,33
WED,13/04/2016,23,32,35,36,38,39,5,13
MON,11/04/2016,9,13,22,26,29,35,30,34
SAT,9/04/2016,3,6,18,21,23,41,16,30
WED,6/04/2016,8,13,14,29,33,42,9,10
MON,4/04/2016,27,32,33,35,43,45,16,44
SAT,2/04/2016,7,11,12,23,29,36,9,33
WED,30/03/2016,18,19,28,36,39,44,2,11
MON,28/03/2016,10,13,19,22,25,26,29,44
SAT,26/03/2016,5,9,17,24,32,43,21,31
WED,23/03/2016,5,6,18,25,44,45,14,40
MON,21/03/2016,9,14,15,18,31,43,2,42
SAT,19/03/2016,8,10,16,24,28,31,2,4
WED,16/03/2016,5,22,23,30,33,35,14,24
MON,14/03/2016,5,14,19,20,23,42,3,12
SAT,12/03/2016,1,3,8,16,28,37,5,30
WED,9/03/2016,5,6,13,24,25,26,4,9
MON,7/03/2016,5,10,20,33,35,36,6,42
SAT,5/03/2016,2,11,20,26,39,45,19,33
WED,2/03/2016,6,23,25,29,38,45,34,44
MON,29/02/2016,5,7,28,33,43,45,16,17
SAT,27/02/2016,3,5,18,21,22,38,27,45
WED,24/02/2016,2,12,17,27,39,44,33,45
MON,22/02/2016,4,8,33,34,41,43,19,32
SAT,20/02/2016,5,17,22,26,30,42,19,36
WED,17/02/2016,17,25,29,30,31,34,18,38
MON,15/02/2016,9,16,17,23,25,30,14,26
SAT,13/02/2016,2,8,25,27,28,43,6,32
WED,10/02/2016,1,11,16,30,32,34,27,31
MON,8/02/2016,11,13,31,33,40,45,26,39
SAT,6/02/2016,4,26,33,39,40,43,32,41
WED,3/02/2016,8,14,25,28,30,35,3,27
MON,1/02/2016,13,29,31,36,41,43,3,45
SAT,30/01/2016,5,20,25,28,29,45,21,30
WED,27/01/2016,16,28,35,43,44,45,4,30
MON,25/01/2016,8,13,14,17,25,28,23,34
SAT,23/01/2016,20,24,33,41,44,45,12,29
WED,20/01/2016,18,22,26,39,41,44,2,37
MON,18/01/2016,6,14,31,41,42,45,25,32
SAT,16/01/2016,1,3,11,13,22,24,29,30
WED,13/01/2016,11,13,15,19,21,28,31,41
MON,11/01/2016,3,8,10,23,26,27,5,24
SAT,9/01/2016,2,18,20,25,30,36,5,11
WED,6/01/2016,12,23,31,35,36,39,19,24
MON,4/01/2016,2,3,26,30,35,41,21,24
SAT,2/01/2016,3,10,31,40,44,45,37,38
WED,30/12/2015,13,18,22,24,28,33,43,44
MON,28/12/2015,18,25,29,31,38,43,22,39
SAT,26/12/2015,5,9,25,34,35,36,29,42
WED,23/12/2015,2,3,7,20,28,31,24,40
MON,21/12/2015,6,14,16,27,31,34,17,44
SAT,19/12/2015,3,6,11,24,33,34,1,4
WED,16/12/2015,1,3,11,21,23,41,33,35
MON,14/12/2015,2,5,16,19,31,39,6,10
SAT,12/12/2015,6,7,8,11,31,40,22,30
WED,9/12/2015,13,17,35,38,41,45,10,21
MON,7/12/2015,12,20,24,28,29,34,13,39
SAT,5/12/2015,15,18,28,32,40,42,7,14
WED,2/12/2015,12,16,22,28,32,40,18,30
MON,30/11/2015,16,20,28,30,33,34,6,9
SAT,28/11/2015,1,9,17,18,24,34,26,36
WED,25/11/2015,7,10,26,38,42,44,2,13
MON,23/11/2015,4,17,20,21,29,37,34,38
SAT,21/11/2015,6,9,10,11,35,37,15,31
WED,18/11/2015,4,20,21,27,30,31,35,36
MON,16/11/2015,10,20,32,34,44,45,8,27
SAT,14/11/2015,6,10,21,28,37,42,14,39
WED,11/11/2015,4,8,25,27,33,35,7,15
MON,9/11/2015,5,13,21,23,27,42,3,34
SAT,7/11/2015,4,6,17,31,38,39,23,37
WED,4/11/2015,8,10,16,20,37,41,5,30
MON,2/11/2015,15,18,20,22,31,45,17,24
SAT,31/10/2015,10,14,19,20,27,37,13,29
WED,28/10/2015,5,13,19,22,37,39,29,31
MON,26/10/2015,2,9,23,26,42,43,10,37
SAT,24/10/2015,1,15,18,29,37,40,8,30
WED,21/10/2015,3,12,16,24,39,43,7,8
MON,19/10/2015,15,24,25,28,30,34,16,21
SAT,17/10/2015,2,7,10,13,23,24,8,21
WED,14/10/2015,1,4,10,22,32,43,13,30
MON,12/10/2015,3,10,13,16,36,40,7,45
SAT,10/10/2015,1,5,7,8,15,39,30,34
WED,7/10/2015,14,15,19,32,33,42,24,36
MON,5/10/2015,4,14,15,16,27,36,1,8
SAT,3/10/2015,3,6,7,21,22,43,14,39
WED,30/09/2015,10,16,24,25,35,37,11,41
MON,28/09/2015,8,9,17,30,32,33,1,18
SAT,26/09/2015,5,12,13,17,22,26,4,44
WED,23/09/2015,2,16,22,26,32,39,4,44
MON,21/09/2015,5,15,18,25,26,40,3,12
SAT,19/09/2015,4,5,16,29,32,44,19,37
WED,16/09/2015,16,18,20,23,27,35,2,32
MON,14/09/2015,2,7,12,20,37,38,28,41
SAT,12/09/2015,16,17,21,29,38,42,11,27
WED,9/09/2015,1,6,16,23,27,31,11,37
MON,7/09/2015,2,10,17,26,34,38,3,18
SAT,5/09/2015,5,13,27,31,37,42,18,30
WED,2/09/2015,5,15,16,25,33,44,10,29
MON,31/08/2015,4,12,18,32,36,44,27,33
SAT,29/08/2015,11,18,26,27,37,39,5,30
WED,26/08/2015,6,25,26,30,32,41,11,38
MON,24/08/2015,9,11,13,15,24,35,23,33
SAT,22/08/2015,4,13,18,27,30,36,5,32
WED,19/08/2015,7,25,30,38,41,43,33,42
MON,17/08/2015,12,14,17,25,41,42,31,44
SAT,15/08/2015,6,12,23,26,28,36,27,43
WED,12/08/2015,2,6,14,15,27,32,13,42
MON,10/08/2015,4,10,12,16,29,31,9,36
SAT,8/08/2015,1,13,24,28,29,33,14,20
WED,5/08/2015,2,7,13,21,35,41,14,45
MON,3/08/2015,12,18,19,24,30,35,22,43
SAT,1/08/2015,6,10,15,16,17,29,18,33
WED,29/07/2015,9,19,29,35,41,44,2,43
MON,27/07/2015,8,16,32,35,39,42,3,20
SAT,25/07/2015,7,8,13,20,23,32,26,34
WED,22/07/2015,8,12,15,29,32,38,17,27
MON,20/07/2015,3,27,28,31,33,42,39,44
SAT,18/07/2015,3,11,13,29,38,42,15,19
WED,15/07/2015,9,19,21,23,25,44,32,35
MON,13/07/2015,1,3,20,24,29,33,7,42
SAT,11/07/2015,14,23,24,28,41,45,5,43
WED,8/07/2015,1,11,19,26,29,40,6,24
MON,6/07/2015,4,11,12,27,30,41,29,44
SAT,4/07/2015,8,15,25,30,31,44,4,14
WED,1/07/2015,5,13,14,24,29,35,20,44
MON,29/06/2015,6,20,30,32,42,45,37,40
SAT,27/06/2015,15,17,29,30,32,39,21,41
WED,24/06/2015,5,15,19,26,28,37,18,42
MON,22/06/2015,22,23,24,37,39,40,19,26
SAT,20/06/2015,8,10,22,27,39,44,20,25
WED,17/06/2015,19,24,26,34,39,44,1,12
MON,15/06/2015,12,19,27,28,31,39,2,30
SAT,13/06/2015,8,20,36,38,43,45,16,29
WED,10/06/2015,1,2,11,20,37,38,18,35
MON,8/06/2015,5,10,30,32,36,45,11,21
SAT,6/06/2015,15,29,31,32,33,39,12,22
WED,3/06/2015,3,21,31,36,37,38,1,4
MON,1/06/2015,8,17,22,30,32,39,6,29
SAT,30/05/2015,16,20,23,36,38,43,13,19
WED,27/05/2015,5,20,32,34,42,45,36,38
MON,25/05/2015,5,7,18,34,36,37,6,15
SAT,23/05/2015,1,2,31,38,39,45,26,34
WED,20/05/2015,16,19,25,29,33,37,26,41
MON,18/05/2015,2,5,16,23,39,41,38,43
SAT,16/05/2015,10,15,16,26,30,45,12,21
WED,13/05/2015,5,9,12,25,32,38,28,37
MON,11/05/2015,1,7,8,16,28,36,2,20
SAT,9/05/2015,4,13,27,29,31,32,34,36
WED,6/05/2015,2,6,24,26,33,39,16,37
MON,4/05/2015,3,4,12,17,18,36,15,41
SAT,2/05/2015,6,15,18,23,35,43,16,44
WED,29/04/2015,8,10,19,29,35,43,1,17
MON,27/04/2015,14,20,21,26,32,43,1,15
SAT,25/04/2015,5,7,12,20,29,42,11,30
WED,22/04/2015,2,4,11,23,26,41,32,33
MON,20/04/2015,2,4,9,29,38,45,5,25
SAT,18/04/2015,4,14,16,18,26,27,5,10
WED,15/04/2015,3,6,19,22,29,31,24,33
MON,13/04/2015,5,8,18,27,37,43,22,40
SAT,11/04/2015,3,7,13,21,24,30,4,27
WED,8/04/2015,16,20,24,30,33,42,1,41
MON,6/04/2015,25,27,33,40,44,45,6,18
SAT,4/04/2015,1,24,34,40,44,45,16,20
WED,1/04/2015,1,21,22,24,31,37,5,43
MON,30/03/2015,17,19,32,33,39,45,15,23
SAT,28/03/2015,13,16,17,18,25,29,26,27
WED,25/03/2015,5,9,11,20,31,36,14,25
MON,23/03/2015,18,22,24,26,33,43,7,29
SAT,21/03/2015,2,11,12,16,24,39,42,43
WED,18/03/2015,4,8,21,25,26,34,11,33
MON,16/03/2015,13,22,24,29,34,42,2,23
SAT,14/03/2015,7,9,17,26,42,43,24,29
WED,11/03/2015,2,13,17,21,26,45,28,30
MON,9/03/2015,1,17,24,27,34,43,2,28
SAT,7/03/2015,3,6,24,40,41,44,25,26
WED,4/03/2015,1,4,26,29,32,45,24,36
MON,2/03/2015,6,7,11,31,35,45,15,25
SAT,28/02/2015,1,11,14,33,37,45,22,41
WED,25/02/2015,2,6,24,31,34,35,4,26
MON,23/02/2015,3,12,15,25,28,39,26,33
SAT,21/02/2015,5,10,11,24,39,41,3,18
WED,18/02/2015,7,8,10,18,37,42,15,31
MON,16/02/2015,5,6,16,27,29,39,12,36
SAT,14/02/2015,16,22,24,35,37,42,29,36
WED,11/02/2015,8,12,26,30,32,38,31,34
MON,9/02/2015,17,19,20,21,26,41,25,38
SAT,7/02/2015,9,19,30,33,41,44,35,36
WED,4/02/2015,2,24,27,33,34,36,29,43
MON,2/02/2015,6,7,19,28,31,35,2,26
SAT,31/01/2015,9,15,19,26,33,36,4,45
WED,28/01/2015,3,4,13,24,36,38,10,29
MON,26/01/2015,9,14,15,25,28,30,21,38
SAT,24/01/2015,10,12,30,34,42,44,1,32
WED,21/01/2015,1,14,24,27,43,45,20,40
MON,19/01/2015,6,7,11,32,40,42,35,45
SAT,17/01/2015,1,10,16,30,33,41,28,32
WED,14/01/2015,8,17,36,39,43,44,6,14
MON,12/01/2015,15,16,28,29,37,41,3,5
SAT,10/01/2015,4,19,24,25,27,34,33,41
WED,7/01/2015,5,7,11,15,25,26,39,45
MON,5/01/2015,7,15,20,29,38,43,1,24
SAT,3/01/2015,18,21,35,38,39,43,13,27
WED,31/12/2014,2,7,14,25,26,39,6,8
MON,29/12/2014,4,15,17,20,29,31,33,41
SAT,27/12/2014,7,16,20,33,39,43,3,41
WED,24/12/2014,1,7,12,13,14,21,35,38
MON,22/12/2014,3,4,6,13,14,39,17,42
SAT,20/12/2014,6,8,9,19,21,41,2,34
WED,17/12/2014,6,13,22,25,36,40,23,41
MON,15/12/2014,4,7,14,20,29,37,38,45
SAT,13/12/2014,6,11,16,17,21,44,18,40
WED,10/12/2014,7,11,18,19,20,37,25,35
MON,8/12/2014,4,16,20,34,38,44,13,29
SAT,6/12/2014,1,5,13,36,38,39,4,23
WED,3/12/2014,3,15,17,21,32,43,16,24
MON,1/12/2014,1,7,8,15,31,43,3,29
SAT,29/11/2014,18,28,31,36,41,42,13,27
WED,26/11/2014,3,8,14,23,44,45,25,36
MON,24/11/2014,4,9,23,28,34,43,3,20
SAT,22/11/2014,1,5,14,23,31,42,10,44
WED,19/11/2014,1,3,14,16,29,42,9,23
MON,17/11/2014,1,5,7,10,24,35,3,33
SAT,15/11/2014,4,9,13,37,42,43,1,23
WED,12/11/2014,12,18,20,30,33,42,4,26
MON,10/11/2014,2,24,25,32,35,45,12,37
SAT,8/11/2014,16,19,20,22,27,35,23,24
WED,5/11/2014,4,13,28,34,37,43,17,21
MON,3/11/2014,4,24,28,32,40,45,13,36
SAT,1/11/2014,9,15,21,24,30,42,1,2
WED,29/10/2014,1,16,19,32,38,41,24,42
MON,27/10/2014,8,9,23,32,33,44,15,25
SAT,25/10/2014,11,12,17,36,38,44,9,31
WED,22/10/2014,1,16,21,26,31,38,25,43
MON,20/10/2014,1,9,28,35,38,45,14,29
SAT,18/10/2014,5,7,8,9,27,34,23,31
WED,15/10/2014,6,11,19,24,40,42,4,10
MON,13/10/2014,1,7,23,33,34,40,8,18
SAT,11/10/2014,3,11,13,21,42,44,26,32
WED,8/10/2014,9,12,13,15,32,33,8,17
MON,6/10/2014,4,13,25,28,31,34,16,37
SAT,4/10/2014,6,20,22,29,32,44,38,41
WED,1/10/2014,5,9,20,22,25,36,42,44
MON,29/09/2014,10,12,22,30,31,33,18,44
SAT,27/09/2014,1,6,16,20,25,36,24,33
WED,24/09/2014,2,8,9,10,12,18,22,27
MON,22/09/2014,13,28,29,30,35,39,25,40
SAT,20/09/2014,1,12,22,27,38,40,20,32
WED,17/09/2014,6,7,17,26,31,32,3,14
MON,15/09/2014,1,8,35,39,41,45,5,12
SAT,13/09/2014,1,5,10,14,29,33,9,22
WED,10/09/2014,8,23,25,34,41,42,14,18
MON,8/09/2014,22,26,28,30,32,43,8,41
SAT,6/09/2014,4,10,17,27,34,43,18,26
WED,3/09/2014,7,13,17,24,32,41,26,28
MON,1/09/2014,3,11,16,17,25,38,21,34
SAT,30/08/2014,2,14,24,37,40,44,18,33
WED,27/08/2014,5,7,9,34,36,44,19,40
MON,25/08/2014,13,14,15,23,28,30,2,24
SAT,23/08/2014,11,29,30,40,41,43,2,4
WED,20/08/2014,3,4,6,18,21,27,15,34
MON,18/08/2014,5,11,12,15,20,41,33,38
SAT,16/08/2014,2,3,15,16,18,24,25,31
WED,13/08/2014,11,34,35,36,38,40,18,26
MON,11/08/2014,3,5,14,25,26,39,8,18
SAT,9/08/2014,23,26,27,30,31,41,16,38
WED,6/08/2014,1,16,20,29,37,44,6,32
MON,4/08/2014,11,28,33,39,40,44,17,38
SAT,2/08/2014,7,10,12,26,30,36,15,32
WED,30/07/2014,2,13,25,31,35,40,20,43
MON,28/07/2014,3,5,6,16,36,40,20,22
SAT,26/07/2014,5,7,12,28,40,45,20,37
WED,23/07/2014,1,6,24,25,29,34,17,45
MON,21/07/2014,2,17,18,31,37,40,5,12
SAT,19/07/2014,4,8,13,27,28,42,6,26
WED,16/07/2014,3,25,27,29,33,36,41,43
MON,14/07/2014,2,11,18,28,33,39,15,30
SAT,12/07/2014,1,3,15,19,42,44,36,37
WED,9/07/2014,12,13,16,26,39,41,2,40
MON,7/07/2014,5,18,36,38,41,42,10,30
SAT,5/07/2014,5,7,14,20,31,39,18,27
WED,2/07/2014,4,9,18,25,27,42,20,45
MON,30/06/2014,4,16,21,29,30,41,28,44
SAT,28/06/2014,1,17,20,40,42,44,5,30
WED,25/06/2014,11,25,33,34,42,45,13,23
MON,23/06/2014,13,22,26,28,35,39,16,24
SAT,21/06/2014,1,12,28,31,32,34,8,24
WED,18/06/2014,1,12,28,29,31,45,7,8
MON,16/06/2014,1,8,12,13,34,41,20,23
SAT,14/06/2014,11,13,16,19,27,35,24,36
WED,11/06/2014,3,17,18,35,37,38,16,23
MON,9/06/2014,13,15,22,26,28,37,4,39
SAT,7/06/2014,1,19,20,36,38,41,10,29
WED,4/06/2014,7,8,20,26,28,32,9,40
MON,2/06/2014,3,4,16,21,23,34,7,18
SAT,31/05/2014,1,13,20,26,37,45,22,27
WED,28/05/2014,15,19,27,30,32,42,2,13
MON,26/05/2014,6,21,27,30,34,35,10,37
SAT,24/05/2014,11,13,28,37,43,45,26,27
WED,21/05/2014,5,11,12,32,33,40,15,29
MON,19/05/2014,3,4,12,25,34,37,6,40
SAT,17/05/2014,8,9,22,25,36,42,28,33
WED,14/05/2014,3,5,9,13,20,27,25,44
MON,12/05/2014,1,13,18,19,39,43,24,31
SAT,10/05/2014,10,13,16,22,39,45,2,9
WED,7/05/2014,1,11,20,23,41,44,17,19
MON,5/05/2014,19,24,26,36,39,41,12,16
SAT,3/05/2014,1,12,14,19,37,41,7,23
WED,30/04/2014,1,8,14,22,28,38,7,13
MON,28/04/2014,3,5,8,27,33,39,29,35
SAT,26/04/2014,12,20,24,32,39,45,3,29
WED,23/04/2014,5,9,11,14,21,39,34,35
MON,21/04/2014,6,13,19,31,42,43,4,7
SAT,19/04/2014,3,7,17,23,25,26,10,15
WED,16/04/2014,10,19,22,23,33,41,12,44
MON,14/04/2014,1,7,21,23,39,43,22,33
SAT,12/04/2014,13,18,20,21,28,45,23,41
WED,9/04/2014,8,16,32,38,41,44,21,45
MON,7/04/2014,2,15,20,25,30,35,7,34
SAT,5/04/2014,1,22,24,29,36,39,6,45
WED,2/04/2014,6,7,13,26,34,38,25,35
MON,31/03/2014,8,12,18,29,33,40,30,39
SAT,29/03/2014,10,21,22,26,29,41,25,27
WED,26/03/2014,11,16,20,25,34,43,30,42
MON,24/03/2014,4,16,19,21,34,41,5,30
SAT,22/03/2014,4,12,18,19,29,33,17,43
WED,19/03/2014,13,15,19,26,30,42,1,40
MON,17/03/2014,8,11,21,26,40,41,15,18
SAT,15/03/2014,13,33,36,38,39,43,20,41
WED,12/03/2014,4,9,12,15,22,33,10,16
MON,10/03/2014,20,27,28,37,40,44,16,19
SAT,8/03/2014,3,19,27,38,40,42,12,17
WED,5/03/2014,8,22,23,25,26,35,6,39
MON,3/03/2014,4,10,14,21,37,38,25,35
SAT,1/03/2014,4,13,33,35,39,45,14,29
WED,26/02/2014,3,4,11,12,19,44,40,45
MON,24/02/2014,1,7,9,10,35,39,27,33
SAT,22/02/2014,8,12,15,25,26,45,23,28
WED,19/02/2014,4,9,14,18,39,42,15,27
MON,17/02/2014,3,16,18,19,21,24,2,42
SAT,15/02/2014,6,27,28,32,39,40,1,34
WED,12/02/2014,8,14,28,34,36,44,13,23
MON,10/02/2014,3,7,14,17,20,29,8,40
SAT,8/02/2014,6,15,17,21,22,42,18,30
WED,5/02/2014,4,28,30,41,43,45,13,23
MON,3/02/2014,25,27,30,36,42,44,2,31
SAT,1/02/2014,11,16,32,40,41,45,7,28
WED,29/01/2014,4,6,8,18,32,42,13,36
MON,27/01/2014,17,20,22,31,38,45,32,34
SAT,25/01/2014,30,35,36,37,42,43,5,14
WED,22/01/2014,3,11,22,26,42,44,19,21
MON,20/01/2014,7,19,31,37,41,42,17,34
SAT,18/01/2014,1,9,10,13,27,39,15,28
WED,15/01/2014,2,15,16,20,24,30,9,44
MON,13/01/2014,16,18,28,34,36,38,13,29
SAT,11/01/2014,7,14,23,27,38,40,4,8
WED,8/01/2014,4,5,15,19,21,29,6,9
MON,6/01/2014,13,17,25,32,39,41,23,29
SAT,4/01/2014,5,6,10,28,32,40,29,37
WED,1/01/2014,3,4,14,24,29,45,11,16
MON,30/12/2013,9,18,21,22,39,42,28,34
SAT,28/12/2013,17,22,24,25,26,40,13,30
WED,25/12/2013,21,25,30,33,35,44,22,40
MON,23/12/2013,1,13,14,15,19,24,44,45
SAT,21/12/2013,1,3,10,17,20,35,24,34
WED,18/12/2013,2,4,26,30,36,38,24,43
MON,16/12/2013,18,23,24,28,29,43,2,9
SAT,14/12/2013,4,9,14,22,42,45,11,21
WED,11/12/2013,10,12,15,22,23,33,4,21
MON,9/12/2013,1,23,31,36,39,44,35,43
SAT,7/12/2013,3,7,28,31,38,41,15,37
WED,4/12/2013,3,6,17,35,42,45,12,34
MON,2/12/2013,2,3,7,27,35,44,29,43
SAT,30/11/2013,24,27,30,37,43,45,21,22
WED,27/11/2013,14,15,25,26,29,35,2,23
MON,25/11/2013,17,22,23,24,26,45,12,30
SAT,23/11/2013,5,7,20,30,31,39,9,22
WED,20/11/2013,3,23,34,38,40,41,18,20
MON,18/11/2013,7,16,28,30,31,34,12,40
SAT,16/11/2013,5,8,15,32,36,39,9,42
WED,13/11/2013,13,26,28,33,38,44,14,36
MON,11/11/2013,3,4,26,27,32,42,14,22
SAT,9/11/2013,2,16,20,27,28,32,7,8
WED,6/11/2013,1,20,31,33,34,42,24,38
MON,4/11/2013,3,7,27,29,34,45,15,19
SAT,2/11/2013,2,5,23,32,40,43,34,35
WED,30/10/2013,4,9,14,37,38,45,17,31
MON,28/10/2013,19,25,32,35,44,45,12,33
SAT,26/10/2013,9,13,16,21,33,44,11,20
WED,23/10/2013,3,9,16,26,27,42,39,43
MON,21/10/2013,10,28,30,33,40,42,16,17
SAT,19/10/2013,5,20,27,31,37,42,3,38
WED,16/10/2013,2,13,32,37,38,42,27,31
MON,14/10/2013,4,5,10,13,37,38,11,27
SAT,12/10/2013,3,9,33,34,39,41,8,38
WED,9/10/2013,10,16,22,28,31,34,37,44
MON,7/10/2013,5,9,13,16,18,40,8,10
SAT,5/10/2013,6,8,11,21,27,31,19,30
WED,2/10/2013,9,11,12,30,32,40,16,44
MON,30/09/2013,6,12,24,31,33,39,16,23
SAT,28/09/2013,1,13,21,27,34,37,15,45
WED,25/09/2013,18,26,30,32,33,38,5,22
MON,23/09/2013,1,5,9,32,38,39,14,23
SAT,21/09/2013,1,2,5,16,19,42,10,37
WED,18/09/2013,11,19,21,41,42,44,37,38
MON,16/09/2013,1,4,17,18,36,43,25,31
SAT,14/09/2013,3,11,20,28,34,40,25,39
WED,11/09/2013,1,2,7,11,28,32,35,42
MON,9/09/2013,5,8,28,40,41,44,15,42
SAT,7/09/2013,1,11,12,15,25,36,17,33
WED,4/09/2013,2,13,14,20,22,35,12,44
MON,2/09/2013,13,20,28,30,43,45,1,7
SAT,31/08/2013,15,18,26,28,39,41,11,42
WED,28/08/2013,11,14,15,32,33,40,31,44
MON,26/08/2013,6,25,27,38,42,43,15,20
SAT,24/08/2013,12,15,16,37,42,45,6,9
WED,21/08/2013,8,15,16,24,40,44,3,39
MON,19/08/2013,3,19,28,34,35,39,4,10
SAT,17/08/2013,5,27,33,35,42,45,4,16
WED,14/08/2013,11,19,25,32,41,45,8,33
MON,12/08/2013,1,21,23,24,29,36,5,7
SAT,10/08/2013,8,18,21,23,27,37,6,22
WED,7/08/2013,7,18,24,28,31,42,19,21
MON,5/08/2013,1,4,13,14,39,44,5,30
SAT,3/08/2013,1,14,24,26,30,37,10,20
WED,31/07/2013,4,7,14,18,24,43,31,39
MON,29/07/2013,8,10,31,36,39,42,7,14
SAT,27/07/2013,6,25,27,29,38,41,43,45
WED,24/07/2013,7,19,30,33,34,42,8,9
MON,22/07/2013,4,7,8,11,23,31,12,39
SAT,20/07/2013,1,3,9,12,22,29,18,37
WED,17/07/2013,3,6,8,16,18,42,21,41
MON,15/07/2013,4,11,23,26,30,35,1,12
SAT,13/07/2013,5,9,14,27,37,40,18,38
WED,10/07/2013,8,27,28,29,36,45,21,39
MON,8/07/2013,9,13,19,29,39,42,23,41
SAT,6/07/2013,3,8,19,26,29,43,7,11
WED,3/07/2013,3,23,29,32,33,45,25,37
MON,1/07/2013,4,13,14,15,23,34,29,43
SAT,29/06/2013,11,22,25,26,31,42,1,8
WED,26/06/2013,2,10,14,35,39,42,18,29
MON,24/06/2013,7,10,26,29,39,45,5,23
SAT,22/06/2013,13,17,18,20,21,43,5,36
WED,19/06/2013,1,5,9,18,22,30,28,38
MON,17/06/2013,10,25,29,41,43,44,28,39
SAT,15/06/2013,1,4,15,16,17,21,40,42
WED,12/06/2013,5,7,8,13,22,31,43,45
MON,10/06/2013,10,17,27,29,30,36,25,33
SAT,8/06/2013,7,8,10,25,28,42,35,39
WED,5/06/2013,2,19,35,40,42,44,4,12
MON,3/06/2013,1,3,16,32,37,45,26,35
SAT,1/06/2013,12,15,30,37,40,44,16,45
WED,29/05/2013,2,5,24,30,38,40,6,21
MON,27/05/2013,16,17,22,24,25,32,23,28
SAT,25/05/2013,1,15,16,20,31,36,2,38
WED,22/05/2013,9,11,15,21,24,29,10,44
MON,20/05/2013,3,15,16,28,33,42,23,27
SAT,18/05/2013,3,6,14,16,25,31,9,35
WED,15/05/2013,8,18,20,22,26,30,1,4
MON,13/05/2013,5,26,31,35,41,42,11,45
SAT,11/05/2013,16,30,32,35,38,41,39,45
WED,8/05/2013,5,19,26,28,36,37,1,6
MON,6/05/2013,1,8,18,41,42,44,24,45
SAT,4/05/2013,2,12,13,20,30,35,1,7
WED,1/05/2013,3,7,20,23,39,43,19,36
MON,29/04/2013,6,23,26,30,32,43,3,16
SAT,27/04/2013,8,15,18,33,40,43,14,25
WED,24/04/2013,7,13,18,39,44,45,1,43
MON,22/04/2013,3,4,6,10,24,27,21,40
SAT,20/04/2013,7,10,28,34,41,44,8,14
WED,17/04/2013,4,10,19,31,34,38,20,45
MON,15/04/2013,7,13,32,36,41,45,25,44
SAT,13/04/2013,2,4,6,9,37,44,18,23
WED,10/04/2013,10,14,26,31,35,44,21,37
MON,8/04/2013,18,28,31,33,41,45,12,21
SAT,6/04/2013,19,20,21,23,25,43,2,8
WED,3/04/2013,13,17,19,28,36,39,27,35
MON,1/04/2013,9,17,21,32,37,41,24,38
SAT,30/03/2013,4,29,33,40,41,43,2,3
WED,27/03/2013,2,5,14,18,34,41,33,42
MON,25/03/2013,3,22,23,28,32,42,8,14
SAT,23/03/2013,2,3,12,13,16,30,5,17
WED,20/03/2013,8,13,15,27,39,40,10,31
MON,18/03/2013,5,16,21,22,27,31,13,28
SAT,16/03/2013,4,24,25,29,32,43,26,38
WED,13/03/2013,1,3,19,21,22,38,14,28
MON,11/03/2013,9,14,16,18,24,33,1,36
SAT,9/03/2013,7,10,12,28,44,45,3,35
WED,6/03/2013,9,13,16,19,33,42,17,22
MON,4/03/2013,4,9,23,25,37,45,8,27
SAT,2/03/2013,11,13,18,20,42,43,12,30
WED,27/02/2013,3,8,20,26,41,45,15,23
MON,25/02/2013,1,7,23,24,28,44,29,41
SAT,23/02/2013,6,8,13,29,34,39,9,20
WED,20/02/2013,3,10,13,22,23,29,19,26
MON,18/02/2013,7,24,37,39,42,44,25,33
SAT,16/02/2013,1,6,16,17,18,34,13,33
WED,13/02/2013,2,18,33,37,39,40,15,42
MON,11/02/2013,14,19,20,31,34,42,28,35
SAT,9/02/2013,8,29,30,33,36,41,9,23
WED,6/02/2013,4,5,16,40,42,45,7,39
MON,4/02/2013,7,15,16,30,31,43,20,42
SAT,2/02/2013,5,18,29,31,44,45,12,38
WED,30/01/2013,5,10,15,28,31,39,11,44
MON,28/01/2013,8,9,16,21,22,25,11,14
SAT,26/01/2013,6,12,25,36,39,43,8,18
WED,23/01/2013,8,31,32,33,37,44,9,17
MON,21/01/2013,13,15,16,22,33,42,27,29
SAT,19/01/2013,4,11,14,16,19,25,18,34
WED,16/01/2013,3,4,11,33,36,45,15,37
MON,14/01/2013,3,5,6,12,21,28,18,32
SAT,12/01/2013,2,6,11,15,31,34,16,30
WED,9/01/2013,11,17,33,36,41,42,6,13
MON,7/01/2013,13,18,21,32,41,44,20,37
SAT,5/01/2013,20,28,30,31,32,37,1,34
WED,2/01/2013,10,21,24,36,37,43,31,45
MON,31/12/2012,9,11,14,18,26,33,5,25
SAT,29/12/2012,7,14,15,25,35,37,3,20
WED,26/12/2012,7,16,19,31,39,43,18,20
MON,24/12/2012,2,13,14,19,22,36,4,40
SAT,22/12/2012,1,4,10,17,29,45,5,38
WED,19/12/2012,9,12,16,18,29,36,38,42
MON,17/12/2012,7,13,29,35,36,40,6,21
SAT,15/12/2012,5,7,9,16,20,41,6,11
WED,12/12/2012,3,15,24,32,37,45,1,27
MON,10/12/2012,8,9,10,21,22,27,6,34
SAT,8/12/2012,6,13,16,33,36,41,4,15
WED,5/12/2012,1,10,19,24,31,32,23,41
MON,3/12/2012,9,13,14,20,26,34,18,23
SAT,1/12/2012,11,17,25,30,40,41,32,42
WED,28/11/2012,12,14,16,19,26,37,4,31
MON,26/11/2012,16,30,36,37,42,45,24,39
SAT,24/11/2012,17,26,30,32,42,43,6,12
WED,21/11/2012,6,7,12,19,26,30,8,14
MON,19/11/2012,11,14,19,20,30,41,42,43
SAT,17/11/2012,5,8,11,20,29,33,28,38
WED,14/11/2012,5,10,25,27,32,44,30,31
MON,12/11/2012,8,10,24,26,43,45,4,15
SAT,10/11/2012,1,4,25,27,40,41,26,37
WED,7/11/2012,5,14,16,23,26,30,36,45
MON,5/11/2012,1,4,12,33,39,44,8,22
SAT,3/11/2012,7,12,20,31,38,43,6,25
WED,31/10/2012,3,4,15,22,30,37,1,16
MON,29/10/2012,1,10,13,18,39,43,33,40
SAT,27/10/2012,5,6,25,33,34,44,23,31
WED,24/10/2012,2,8,20,23,28,29,5,11
MON,22/10/2012,11,21,23,32,37,41,1,26
SAT,20/10/2012,10,25,26,27,32,35,12,16
WED,17/10/2012,14,20,21,36,37,42,7,16
MON,15/10/2012,18,22,24,25,29,39,14,21
SAT,13/10/2012,2,11,13,15,26,40,30,32
WED,10/10/2012,3,7,9,36,42,45,18,29
MON,8/10/2012,8,13,14,15,30,37,32,36
SAT,6/10/2012,18,20,23,32,40,42,3,33
WED,3/10/2012,16,25,28,29,30,43,3,4
MON,1/10/2012,5,7,18,23,43,44,21,27
SAT,29/09/2012,9,10,16,25,32,34,40,44
WED,26/09/2012,2,5,22,32,37,45,23,38
MON,24/09/2012,9,17,31,32,35,42,16,30
SAT,22/09/2012,1,17,19,32,34,45,22,38
WED,19/09/2012,3,7,13,19,25,35,24,37
MON,17/09/2012,2,14,18,23,26,41,10,37
SAT,15/09/2012,2,11,19,23,32,34,10,39
WED,12/09/2012,22,29,33,37,41,44,15,45
MON,10/09/2012,6,20,26,30,37,45,18,41
SAT,8/09/2012,4,5,7,15,35,38,1,30
WED,5/09/2012,7,16,22,30,35,37,12,27
MON,3/09/2012,4,10,13,22,23,32,40,44
SAT,1/09/2012,9,19,24,28,29,31,5,15
WED,29/08/2012,6,20,28,30,39,40,9,45
MON,27/08/2012,8,9,16,20,25,27,13,21
SAT,25/08/2012,4,17,21,27,28,30,8,25
WED,22/08/2012,7,21,22,33,41,43,38,40
MON,20/08/2012,1,2,4,15,23,37,11,39
SAT,18/08/2012,10,11,15,30,34,36,16,19
WED,15/08/2012,2,16,17,21,33,37,6,42
MON,13/08/2012,4,14,21,27,41,45,5,37
SAT,11/08/2012,21,22,27,31,32,38,10,16
WED,8/08/2012,6,7,14,18,20,41,17,37
MON,6/08/2012,2,5,10,13,29,45,8,18
SAT,4/08/2012,16,19,20,37,39,43,3,27
WED,1/08/2012,2,17,18,24,34,37,5,28
MON,30/07/2012,9,13,18,20,40,43,10,34
SAT,28/07/2012,1,27,28,33,37,42,17,29
WED,25/07/2012,4,7,19,34,38,43,28,36
MON,23/07/2012,1,3,14,22,24,34,4,36
SAT,21/07/2012,3,6,7,9,23,43,14,25
WED,18/07/2012,5,7,18,20,37,38,17,35
MON,16/07/2012,4,9,13,19,21,38,2,31
SAT,14/07/2012,17,30,36,41,42,45,20,35
WED,11/07/2012,4,6,15,20,41,44,30,38
MON,9/07/2012,1,7,11,15,19,35,17,23
SAT,7/07/2012,2,15,21,31,37,38,6,29
WED,4/07/2012,6,8,13,22,35,40,14,45
MON,2/07/2012,12,20,21,28,32,35,38,42
SAT,30/06/2012,8,30,32,33,37,40,14,34
WED,27/06/2012,15,29,30,32,35,44,34,39
MON,25/06/2012,16,27,32,34,42,44,19,41
SAT,23/06/2012,2,16,19,29,30,31,10,11
WED,20/06/2012,10,24,30,32,38,41,27,37
MON,18/06/2012,4,12,16,21,34,43,37,44
SAT,16/06/2012,16,18,25,35,36,40,2,21
WED,13/06/2012,6,8,20,24,27,36,14,40
MON,11/06/2012,13,21,34,40,42,44,7,37
SAT,9/06/2012,1,4,16,26,27,32,31,40
WED,6/06/2012,9,23,24,32,36,41,22,45
MON,4/06/2012,2,4,12,17,24,35,5,36
SAT,2/06/2012,6,17,18,31,36,43,13,33
WED,30/05/2012,7,13,16,18,22,39,31,36
MON,28/05/2012,6,12,18,24,34,41,5,25
SAT,26/05/2012,10,13,22,36,37,38,28,42
WED,23/05/2012,8,11,18,27,40,44,26,35
MON,21/05/2012,1,7,22,23,32,38,16,35
SAT,19/05/2012,9,12,28,29,32,41,2,21
WED,16/05/2012,15,21,23,24,31,32,33,34
MON,14/05/2012,1,11,20,26,40,44,28,33
SAT,12/05/2012,1,2,14,16,19,45,23,30
WED,9/05/2012,3,16,19,25,38,44,29,42
MON,7/05/2012,3,18,20,21,44,45,25,31
SAT,5/05/2012,7,9,12,15,27,40,4,11
WED,2/05/2012,12,27,36,37,38,41,15,28
MON,30/04/2012,16,23,31,32,39,42,22,45
SAT,28/04/2012,4,5,12,23,31,33,3,9
WED,25/04/2012,6,27,34,37,40,45,10,23
MON,23/04/2012,7,11,21,28,29,31,24,25
SAT,21/04/2012,1,2,15,16,21,28,35,40
WED,18/04/2012,5,10,12,17,40,42,13,14
MON,16/04/2012,19,20,24,30,31,43,12,35
SAT,14/04/2012,7,8,13,18,25,43,4,17
WED,11/04/2012,10,29,32,39,40,42,1,43
MON,9/04/2012,4,6,18,26,27,32,31,42
SAT,7/04/2012,17,26,27,28,30,38,7,23
WED,4/04/2012,1,23,32,35,40,43,7,16
MON,2/04/2012,2,13,21,30,40,42,12,15
SAT,31/03/2012,2,6,26,29,41,43,1,7
WED,28/03/2012,5,11,13,30,42,44,31,37
MON,26/03/2012,17,21,31,36,42,44,28,34
SAT,24/03/2012,17,27,29,39,42,45,8,10
WED,21/03/2012,16,24,27,30,36,44,5,13
MON,19/03/2012,8,9,20,23,44,45,29,43
SAT,17/03/2012,4,10,21,30,41,42,27,34
WED,14/03/2012,5,12,30,33,38,40,3,27
MON,12/03/2012,5,15,20,26,31,42,6,40
SAT,10/03/2012,20,21,26,32,41,43,6,22
WED,7/03/2012,4,10,30,38,41,43,23,36
MON,5/03/2012,1,8,11,14,29,44,31,42
SAT,3/03/2012,4,5,11,12,14,31,6,16
WED,29/02/2012,3,5,14,16,37,39,20,26
MON,27/02/2012,11,19,20,34,35,38,3,29
SAT,25/02/2012,12,14,18,19,30,38,29,42
WED,22/02/2012,2,3,16,17,43,44,4,24
MON,20/02/2012,1,7,19,20,23,26,12,40
SAT,18/02/2012,3,13,14,32,37,38,17,29
WED,15/02/2012,5,8,11,29,33,40,19,21
MON,13/02/2012,11,14,23,31,35,40,7,17
SAT,11/02/2012,3,13,17,21,25,35,4,9
WED,8/02/2012,9,27,30,36,39,44,1,43
MON,6/02/2012,3,10,13,35,38,44,5,12
SAT,4/02/2012,3,10,20,28,40,41,11,17
WED,1/02/2012,1,9,30,35,37,43,33,38
MON,30/01/2012,4,14,15,18,20,43,11,34
SAT,28/01/2012,22,28,31,32,40,43,26,37
WED,25/01/2012,13,14,15,22,26,33,6,31
MON,23/01/2012,10,17,25,38,39,41,2,44
SAT,21/01/2012,2,9,14,22,31,33,12,30
WED,18/01/2012,1,13,19,25,32,37,6,9
MON,16/01/2012,7,12,18,31,37,38,41,44
SAT,14/01/2012,13,16,18,19,23,28,8,37
WED,11/01/2012,3,7,30,36,41,42,11,26
MON,9/01/2012,8,9,10,29,39,40,3,28
SAT,7/01/2012,19,29,30,33,44,45,6,13
WED,4/01/2012,5,9,11,28,29,31,14,26
MON,2/01/2012,12,15,20,36,40,44,8,32
SAT,31/12/2011,7,8,28,33,38,41,4,37
WED,28/12/2011,3,7,13,24,39,41,27,43
MON,26/12/2011,1,26,29,33,38,45,24,42
SAT,24/12/2011,1,4,7,9,12,30,28,41
WED,21/12/2011,5,9,10,32,35,36,2,23
MON,19/12/2011,1,4,11,21,29,43,5,31
SAT,17/12/2011,6,11,12,24,26,36,27,43
WED,14/12/2011,12,18,30,31,34,44,1,26
MON,12/12/2011,13,23,24,38,39,43,3,22
SAT,10/12/2011,9,18,29,32,33,41,27,45
WED,7/12/2011,7,13,17,19,37,41,5,31
MON,5/12/2011,9,13,32,38,43,44,15,33
SAT,3/12/2011,2,9,13,18,26,44,1,7
WED,30/11/2011,6,12,30,32,35,41,9,24
MON,28/11/2011,8,17,19,22,39,42,2,16
SAT,26/11/2011,9,12,22,28,41,42,24,27
WED,23/11/2011,1,27,29,30,32,39,15,23
MON,21/11/2011,15,18,29,33,35,42,14,30
SAT,19/11/2011,9,18,23,24,33,36,4,34
WED,16/11/2011,7,10,11,12,20,26,4,17
MON,14/11/2011,13,16,20,23,35,43,12,42
SAT,12/11/2011,4,5,10,17,22,40,8,38
WED,9/11/2011,17,22,27,34,36,37,25,43
MON,7/11/2011,6,7,22,30,31,33,29,44
SAT,5/11/2011,2,6,12,18,44,45,28,32
WED,2/11/2011,5,11,39,41,43,44,18,40
MON,31/10/2011,1,13,25,29,30,41,18,44
SAT,29/10/2011,11,12,15,20,32,33,14,19
WED,26/10/2011,1,2,7,14,23,24,10,12
MON,24/10/2011,5,9,23,32,35,36,6,40
SAT,22/10/2011,7,19,28,29,43,45,24,27
WED,19/10/2011,4,7,8,9,11,33,1,34
MON,17/10/2011,5,8,19,24,27,28,7,20
SAT,15/10/2011,8,12,18,21,24,30,33,37
WED,12/10/2011,14,15,22,23,32,35,25,30
MON,10/10/2011,1,12,20,26,35,42,24,28
SAT,8/10/2011,7,18,22,37,38,39,23,27
WED,5/10/2011,4,8,23,31,39,41,3,10
MON,3/10/2011,20,23,30,32,34,36,5,25
SAT,1/10/2011,19,25,30,38,42,44,4,20
WED,28/09/2011,11,29,31,35,44,45,16,17
MON,26/09/2011,5,13,23,29,33,44,11,12
SAT,24/09/2011,7,10,11,14,37,39,20,40
WED,21/09/2011,5,10,30,36,38,44,15,17
MON,19/09/2011,4,17,30,33,34,35,14,22
SAT,17/09/2011,8,10,12,21,37,42,33,40
WED,14/09/2011,11,12,15,16,27,30,20,23
MON,12/09/2011,9,10,16,22,41,44,17,23
SAT,10/09/2011,10,20,21,25,38,39,4,43
WED,7/09/2011,5,10,18,31,32,37,8,19
MON,5/09/2011,1,6,21,32,38,40,17,29
SAT,3/09/2011,1,7,21,22,23,27,29,40
WED,31/08/2011,3,5,8,12,13,31,23,34
MON,29/08/2011,1,9,17,26,28,34,2,45
SAT,27/08/2011,4,8,16,32,33,34,26,29
WED,24/08/2011,10,18,23,25,33,39,12,36
MON,22/08/2011,8,13,30,32,40,45,5,26
SAT,20/08/2011,3,24,26,30,32,39,4,8
WED,17/08/2011,4,11,27,28,29,43,35,40
MON,15/08/2011,6,10,23,29,40,41,22,45
SAT,13/08/2011,8,13,15,22,33,34,10,41
WED,10/08/2011,6,7,14,18,37,39,30,35
MON,8/08/2011,14,22,23,30,41,43,26,38
SAT,6/08/2011,4,6,9,27,39,43,16,34
WED,3/08/2011,3,7,11,20,21,42,15,24
MON,1/08/2011,6,8,17,25,30,38,13,29
SAT,30/07/2011,2,5,9,16,23,31,34,38
WED,27/07/2011,1,2,20,29,36,38,26,30
MON,25/07/2011,17,23,32,34,39,45,19,33
SAT,23/07/2011,1,4,22,24,31,33,6,10
WED,20/07/2011,1,3,10,11,26,42,8,9
MON,18/07/2011,5,17,21,27,30,34,9,14
SAT,16/07/2011,11,16,17,29,35,38,24,34
WED,13/07/2011,2,11,14,19,30,41,8,12
MON,11/07/2011,14,20,27,35,38,40,1,16
SAT,9/07/2011,15,32,34,36,41,45,39,40
WED,6/07/2011,1,10,11,15,27,32,4,21
MON,4/07/2011,2,15,23,24,30,45,21,36
SAT,2/07/2011,6,10,14,17,39,40,3,5
WED,29/06/2011,5,12,18,19,42,44,24,39
MON,27/06/2011,5,6,14,27,30,40,31,43
SAT,25/06/2011,10,11,12,15,22,28,5,13
WED,22/06/2011,2,21,29,33,36,40,4,13
MON,20/06/2011,11,13,33,40,43,45,42,44
SAT,18/06/2011,1,6,14,19,32,42,10,34
WED,15/06/2011,7,9,16,21,33,40,22,35
MON,13/06/2011,1,6,27,34,38,40,7,11
SAT,11/06/2011,3,11,17,30,36,38,15,42
WED,8/06/2011,8,10,12,15,24,27,5,36
MON,6/06/2011,9,14,28,31,37,38,12,35
SAT,4/06/2011,1,19,22,23,27,45,3,38
WED,1/06/2011,5,11,14,29,32,44,6,8
MON,30/05/2011,5,13,16,17,21,41,24,45
SAT,28/05/2011,1,9,11,13,33,35,22,30
WED,25/05/2011,11,15,18,22,28,38,6,39
MON,23/05/2011,21,22,26,33,38,42,10,20
SAT,21/05/2011,8,13,15,19,27,43,16,34
WED,18/05/2011,1,6,25,26,27,40,12,42
MON,16/05/2011,1,3,10,12,22,26,19,20
SAT,14/05/2011,4,10,18,22,31,45,24,40
WED,11/05/2011,7,14,18,27,39,44,19,33
MON,9/05/2011,2,3,4,7,28,30,21,37
SAT,7/05/2011,12,24,26,28,39,44,4,36
WED,4/05/2011,1,6,12,35,40,42,5,18
MON,2/05/2011,1,5,7,10,11,27,30,38
SAT,30/04/2011,1,7,15,33,35,40,39,45
WED,27/04/2011,5,12,35,36,40,45,26,29
MON,25/04/2011,2,4,15,21,33,40,8,23
SAT,23/04/2011,5,10,13,25,32,37,24,41
WED,20/04/2011,2,7,13,14,20,31,24,35
MON,18/04/2011,5,8,15,23,27,35,14,45
SAT,16/04/2011,1,14,18,22,23,29,28,39
WED,13/04/2011,7,16,20,23,25,40,1,36
MON,11/04/2011,5,13,14,17,31,43,8,16
SAT,9/04/2011,3,4,11,13,41,45,8,39
WED,6/04/2011,3,5,15,21,29,40,9,39
MON,4/04/2011,4,8,24,25,28,29,22,34
SAT,2/04/2011,10,14,24,30,40,41,2,8
WED,30/03/2011,12,21,22,35,43,45,6,7
MON,28/03/2011,1,5,9,11,12,44,17,25
SAT,26/03/2011,1,14,23,34,41,42,27,37
WED,23/03/2011,6,8,14,17,23,43,10,11
MON,21/03/2011,4,7,10,24,27,28,8,15
SAT,19/03/2011,2,6,7,8,18,21,11,24
WED,16/03/2011,1,6,10,11,32,36,9,27
MON,14/03/2011,10,15,24,25,33,34,8,9
SAT,12/03/2011,4,13,17,21,38,40,18,32
WED,9/03/2011,7,10,12,21,38,39,30,33
MON,7/03/2011,7,11,14,20,39,42,13,25
SAT,5/03/2011,12,19,22,26,32,33,1,8
WED,2/03/2011,2,6,27,32,43,45,9,14
MON,28/02/2011,9,13,16,21,39,43,7,32
SAT,26/02/2011,1,4,21,23,24,43,10,32
WED,23/02/2011,4,23,25,38,40,42,1,16
MON,21/02/2011,3,15,31,32,33,37,16,17
SAT,19/02/2011,1,5,14,23,41,45,2,8
WED,16/02/2011,10,16,19,22,24,32,23,45
MON,14/02/2011,11,16,23,28,35,43,7,24
SAT,12/02/2011,4,9,10,26,38,44,23,40
WED,9/02/2011,4,6,20,38,39,43,30,37
MON,7/02/2011,4,20,23,27,31,44,37,41
SAT,5/02/2011,5,11,19,30,42,45,18,24
WED,2/02/2011,5,21,26,30,43,44,17,19
MON,31/01/2011,8,9,13,14,27,31,11,36
SAT,29/01/2011,2,11,15,19,20,25,1,13
WED,26/01/2011,2,21,23,25,32,44,4,35
MON,24/01/2011,13,14,29,31,39,43,15,28
SAT,22/01/2011,3,15,17,21,34,43,16,41
WED,19/01/2011,1,7,17,40,43,45,10,41
MON,17/01/2011,6,13,21,26,28,31,16,33
SAT,15/01/2011,10,12,23,26,27,31,4,24
WED,12/01/2011,6,22,34,40,42,45,15,36
MON,10/01/2011,1,5,20,21,30,31,35,41
SAT,8/01/2011,5,6,19,23,35,38,18,22
WED,5/01/2011,3,10,11,14,17,28,12,43
MON,3/01/2011,19,28,37,38,41,42,16,24
SAT,31/12/2010,10,11,13,19,24,41,3,17
WED,29/12/2010,3,4,22,33,39,42,20,36
MON,27/12/2010,3,18,32,34,41,45,10,22
SAT,25/12/2010,4,11,12,22,29,38,30,41
WED,22/12/2010,1,4,9,33,35,43,31,38
MON,20/12/2010,1,2,12,27,38,45,33,44
SAT,18/12/2010,4,13,25,26,42,44,15,22
WED,15/12/2010,4,5,18,19,36,37,6,28
MON,13/12/2010,2,26,32,33,38,43,11,39
SAT,11/12/2010,10,16,18,26,32,33,12,19
WED,8/12/2010,2,7,24,26,34,45,29,43
MON,6/12/2010,1,8,16,25,33,39,19,32
SAT,4/12/2010,9,10,12,13,39,43,1,31
WED,1/12/2010,2,3,7,13,17,30,36,43
MON,29/11/2010,4,12,15,28,33,34,6,22
SAT,27/11/2010,2,12,15,24,35,37,5,40
WED,24/11/2010,5,6,30,42,43,44,4,28
MON,22/11/2010,4,11,20,22,30,38,24,36
SAT,20/11/2010,7,19,21,25,38,42,27,32
WED,17/11/2010,3,17,31,40,43,45,27,28
MON,15/11/2010,10,12,28,30,32,45,5,40
SAT,13/11/2010,14,15,26,27,35,41,23,38
WED,10/11/2010,2,23,27,28,36,44,6,8
MON,8/11/2010,6,7,20,31,32,42,29,33
SAT,6/11/2010,15,24,25,28,30,39,7,45
WED,3/11/2010,7,8,26,27,28,42,5,10
MON,1/11/2010,2,6,11,13,20,26,14,40
SAT,30/10/2010,4,6,7,27,31,45,15,20
WED,27/10/2010,7,15,19,29,39,41,4,12
MON,25/10/2010,2,3,21,26,27,41,19,22
SAT,23/10/2010,12,23,31,34,39,43,1,9
WED,20/10/2010,4,8,12,18,23,38,7,11
MON,18/10/2010,1,13,19,21,27,33,12,45
SAT,16/10/2010,15,19,28,36,39,41,11,34
WED,13/10/2010,12,23,24,37,40,44,4,43
MON,11/10/2010,4,10,18,21,34,39,7,44
SAT,9/10/2010,1,11,24,26,32,36,8,14
WED,6/10/2010,6,10,16,31,36,38,27,39
MON,4/10/2010,2,12,13,25,29,32,9,22
SAT,2/10/2010,8,9,29,33,37,42,1,3
WED,29/09/2010,9,23,29,30,33,42,11,12
MON,27/09/2010,10,15,21,22,29,43,6,23
SAT,25/09/2010,12,22,24,26,31,38,19,29
WED,22/09/2010,11,32,38,41,43,44,27,42
MON,20/09/2010,7,15,21,30,34,40,11,14
SAT,18/09/2010,7,18,31,35,40,44,15,38
WED,15/09/2010,6,11,13,17,42,44,22,41
MON,13/09/2010,2,4,5,17,37,42,9,19
SAT,11/09/2010,5,11,15,36,42,44,1,4
WED,8/09/2010,16,21,22,23,33,34,20,28
MON,6/09/2010,9,21,23,29,36,40,12,18
SAT,4/09/2010,1,20,28,35,36,44,3,21
WED,1/09/2010,7,24,30,35,42,44,27,28
MON,30/08/2010,5,6,19,25,36,44,10,24
SAT,28/08/2010,3,9,11,29,30,34,10,38
WED,25/08/2010,8,11,27,37,38,45,33,42
MON,23/08/2010,4,10,13,14,36,41,35,37
SAT,21/08/2010,1,8,11,16,31,38,15,33
WED,18/08/2010,4,16,23,30,36,38,29,31
MON,16/08/2010,5,16,19,24,28,32,15,29
SAT,14/08/2010,2,12,13,29,31,40,21,25
WED,11/08/2010,9,20,30,35,42,45,4,7
MON,9/08/2010,7,10,11,26,34,44,40,41
SAT,7/08/2010,5,28,35,39,40,41,21,36
WED,4/08/2010,4,6,9,26,36,45,11,15
MON,2/08/2010,5,21,26,31,32,41,6,35
SAT,31/07/2010,4,14,25,35,41,43,6,28
WED,28/07/2010,1,5,10,28,30,40,9,16
MON,26/07/2010,1,4,7,10,16,20,9,12
SAT,24/07/2010,6,13,16,24,30,33,34,43
WED,21/07/2010,2,10,23,28,35,38,25,27
MON,19/07/2010,13,17,18,31,36,45,12,40
SAT,17/07/2010,2,11,17,19,39,40,14,20
WED,14/07/2010,18,22,31,32,33,40,1,20
MON,12/07/2010,21,26,30,34,36,42,3,25
SAT,10/07/2010,17,23,30,38,40,42,15,24
WED,7/07/2010,4,10,15,24,33,38,21,45
MON,5/07/2010,4,14,25,27,31,37,19,39
SAT,3/07/2010,1,6,10,15,26,40,4,36
WED,30/06/2010,23,29,36,37,42,44,17,45
MON,28/06/2010,7,23,24,36,42,43,35,45
SAT,26/06/2010,2,5,10,22,37,38,21,23
WED,23/06/2010,2,14,20,34,44,45,3,4
MON,21/06/2010,1,2,18,19,25,42,5,36
SAT,19/06/2010,5,11,13,16,25,29,37,43
WED,16/06/2010,4,8,28,35,37,45,14,33
MON,14/06/2010,7,8,9,18,20,43,12,40
SAT,12/06/2010,1,7,11,21,23,43,20,35
WED,9/06/2010,16,22,28,38,41,42,5,19
MON,7/06/2010,1,7,18,27,28,33,23,29
SAT,5/06/2010,5,13,24,26,28,41,20,25
WED,2/06/2010,6,12,14,17,22,39,37,45
MON,31/05/2010,4,10,24,26,29,41,12,38
SAT,29/05/2010,2,12,19,22,30,40,11,39
WED,26/05/2010,12,18,23,40,41,45,3,35
MON,24/05/2010,4,6,17,18,19,22,13,14
SAT,22/05/2010,7,8,16,17,27,40,11,43
WED,19/05/2010,3,22,31,40,43,44,4,9
